alienoid,cyberbunny,mekadragon
0.6154216527938843,0.023218682035803795,0.36135974526405334
