alienoid,cyberbunny,mekadragon
0.8425801992416382,0.1073482409119606,0.050071559846401215
