alienoid,cyberbunny,mekadragon
0.017123254016041756,0.9292407035827637,0.0536361001431942
